分組,組別,學號,入學學年,班級,微積分(一),微積分(二),電路學(一),電路學(二),電子學(一),電子學(二),電機機械(一),電機機械(二),電子學實習(一),電子學實習(二),計算機概論,邏輯設計,計算機程式設計,資料結構,電機機械實習,微處理機,微處理機實習,技術專題(二)
C,C6_103,1,103,1,65,63,75,71,67,78,84,89,80,89,71,76,79,73,83,81,73,86
C,C4_103,2,103,1,69,60,80,80,64,60,65,74,88,77,73,65,71,64,84,50,60,90
A,A2_103,3,103,1,70,68,67,65,60,81,81,89,81,85,64,72,78,78,85,71,65,93
B,B2_103,4,103,1,66,70,80,65,66,74,61,87,86,88,77,81,87,80,87,72,64,86
B,B7_103,5,103,1,63,50,71,60,61,73,77,78,79,76,70,69,56,60,78,78,60,78
B,B7_103,6,103,1,66,65,85,68,62,65,84,80,79,68,60,60,58,72,84,61,50,78
C,C4_103,7,103,1,35,10,53,47,40,54,62,63,80,80,61,62,58,72,83,63,75,85
C,C6_103,8,103,1,63,60,54,44,60,62,80,72,78,81,67,64,76,68,82,65,60,85
B,B5_103,9,103,1,72,63,64,60,65,60,83,80,86,80,61,76,70,75,85,60,60,85
C,C5_103,10,103,1,66,64,71,74,61,79,83,91,81,87,67,68,56,76,85,75,60,85
A,A1_103,11,103,1,74,73,68,77,65,75,76,89,75,83,66,81,74,82,88,69,68,93
B,B4_103,12,103,1,63,62,55,83,60,52,75,74,76,84,47,60,60,70,84,66,60,85
A,A6_103,13,103,1,90,70,84,83,80,80,89,89,79,86,72,85,80,92,86,83,71,85
A,A1_103,14,103,1,66,67,68,68,74,67,86,86,90,92,75,78,82,66,86,60,60,93
A,A2_103,15,103,1,69,66,72,80,64,47,81,76,82,81,74,75,66,68,82,64,76,86
B,B2_103,16,103,1,67,66,72,51,84,69,80,84,94,89,70,71,71,76,85,96,83,85
C,C3_103,17,103,1,68,63,72,60,64,78,61,81,72,71,64,69,66,62,85,76,74,95
B,B2_103,18,103,1,65,60,64,60,66,60,71,71,81,89,68,76,82,71,81,80,69,86
A,A2_103,19,103,1,64,63,61,77,65,82,89,88,94,90,65,66,76,73,88,85,60,93
C,C4_103,20,103,1,62,40,65,60,60,61,80,65,76,84,66,65,74,77,81,50,62,80
B,B7_103,21,103,1,60,45,62,47,52,48,49,75,67,86,48,65,60,69,86,60,50,78
C,C7_103,22,103,1,45,60,53,47,60,43,78,66,77,81,45,71,65,66,81,50,20,85
C,C2_103,23,103,1,70,63,66,68,66,75,60,65,72,83,68,71,70,63,87,50,73,86
B,B3_103,24,103,1,64,71,94,71,62,60,76,66,73,81,68,72,77,60,86,69,50,85
C,C8_103,25,103,1,25,15,50,51,60,63,70,85,81,84,60,68,68,80,81,72,50,88
B,B7_103,26,103,1,63,40,71,64,65,64,76,81,80,75,65,73,70,63,80,60,40,78
A,A2_103,27,103,1,77,64,73,71,60,73,71,80,90,89,74,71,75,82,85,92,88,93
C,C1_103,28,103,1,66,69,61,60,60,69,69,74,71,86,93,84,79,75,79,87,73,88
B,B8_103,29,103,1,63,50,66,50,60,55,66,75,83,81,42,64,70,66,82,67,50,78
B,B5_103,30,103,1,65,71,54,71,66,62,90,91,78,79,72,60,79,75,86,81,71,85
C,C3_103,31,103,1,62,45,61,71,46,38,77,62,72,83,67,74,65,63,86,72,60,94
B,B6_103,32,103,1,76,75,91,81,77,93,93,99,82,93,73,80,85,83,90,98,80,95
C,C7_103,33,103,1,71,65,69,65,69,72,82,77,80,90,78,86,78,78,83,60,40,85
B,B5_103,34,103,1,40,30,71,51,70,54,70,83,76,68,54,66,53,72,80,62,50,85
B,B8_103,35,103,1,62,50,62,66,74,60,77,74,79,75,66,64,58,74,83,69,40,78
C,C2_103,36,103,1,78,70,73,74,60,69,67,80,80,85,78,84,75,68,84,60,67,86
B,B8_103,37,103,1,69,62,71,64,66,77,85,81,63,82,48,75,56,63,85,63,50,78
B,B5_103,38,103,1,40,45,62,50,48,60,62,66,78,60,61,65,51,66,80,60,50,85
A,A5_103,39,103,1,72,62,67,62,61,64,85,68,76,89,69,85,70,66,81,50,50,89
C,C4_103,40,103,1,68,62,67,65,81,78,75,89,75,75,55,60,66,77,80,50,40,85
B,B4_103,41,103,1,63,61,62,62,44,63,73,77,69,74,52,68,60,66,80,81,60,85
B,B1_103,42,103,1,74,65,88,77,44,67,94,75,70,87,66,61,73,61,81,77,60,85
A,A1_103,43,103,1,71,65,71,80,60,76,73,91,87,84,63,60,69,66,85,50,40,93
C,C1_103,44,103,1,69,60,72,65,63,70,75,72,65,86,60,69,64,69,84,60,65,90
B,B1_103,45,103,1,60,61,55,60,60,55,78,79,91,78,77,77,79,63,85,50,60,85
C,C4_103,46,103,1,66,63,64,60,60,60,60,46,84,81,60,84,67,63,82,40,30,80
B,B7_103,47,103,1,50,35,62,68,62,56,67,62,80,81,30,68,61,63,79,61,60,78
A,A8_103,48,103,2,70,64,67,68,73,67,65,78,82,75,71,70,66,65,86,62,74,81
A,A11_103,49,103,2,68,64,74,66,71,66,60,65,86,85,73,60,62,68,86,65,68,80
B,B16_103,50,103,2,64,78,72,69,87,86,65,83,83,85,71,73,76,71,92,92,97,95
A,A9_103,51,103,2,71,65,77,59,77,73,67,82,88,80,72,60,66,68,88,61,71,90
B,B19_103,52,103,2,75,70,61,74,83,80,86,91,83,90,73,70,62,83,83,80,84,85
A,A14_103,53,103,2,45,45,60,68,48,56,62,68,83,85,64,74,78,71,84,64,74,80
A,A8_103,54,103,2,68,62,62,65,61,60,69,66,76,75,67,63,63,69,86,47,65,81
A,A10_103,55,103,2,82,82,96,88,86,87,77,82,89,90,88,64,76,86,85,72,72,89
B,B9_103,56,103,2,60,60,71,64,66,66,73,65,82,86,68,66,48,60,82,60,71,85
A,A9_103,57,103,2,80,75,64,81,70,71,83,97,84,89,89,78,75,84,88,77,76,90
B,B20_103,58,103,2,50,50,85,0,56,63,60,66,85,80,60,60,46,71,82,50,71,85
B,B13_103,59,103,2,82,93,82,78,89,90,81,89,92,90,85,80,86,88,87,99,98,95
A,A14_103,60,103,2,73,67,89,80,93,86,84,83,89,85,88,71,66,67,83,42,68,80
A,A10_103,61,103,2,66,63,68,75,70,70,60,60,85,82,66,60,68,63,85,63,80,89
B,B17_103,62,103,2,60,64,72,52,68,57,60,64,82,83,68,73,54,63,81,46,70,85
A,A7_103,63,103,2,64,62,84,46,56,54,60,60,78,79,64,60,54,50,83,54,73,89
B,B19_103,64,103,2,62,50,76,60,75,71,60,67,80,82,71,66,27,68,87,83,83,85
A,A7_103,65,103,2,61,63,65,65,67,59,60,64,88,86,67,63,65,62,87,61,80,89
A,A14_103,66,103,2,66,64,61,65,69,69,60,60,89,90,85,61,64,79,85,60,73,80
B,B15_103,67,103,2,71,67,75,69,65,66,70,61,85,82,72,61,78,74,82,63,73,95
A,A7_103,68,103,2,61,62,74,69,61,62,60,64,83,87,67,60,74,67,87,62,72,94
C,C9_103,69,103,2,64,65,79,68,65,51,60,74,89,83,67,76,70,70,84,76,71,95
B,B13_103,70,103,2,65,78,80,79,71,74,74,81,88,88,72,63,67,81,87,96,99,95
B,B13_103,71,103,2,75,75,76,60,68,71,60,70,87,84,73,62,63,68,85,83,88,95
A,A9_103,72,103,2,73,69,75,71,90,77,67,89,84,89,75,71,46,72,86,71,75,90
C,C9_103,73,103,2,67,65,66,57,78,71,60,70,91,82,66,60,77,83,84,91,90,95
B,B17_103,74,103,2,20,0,74,55,44,48,0,26,84,76,66,47,22,6,81,33,72,85
B,B20_103,75,103,2,20,0,87,54,53,61,0,60,81,86,70,61,52,60,81,54,74,85
B,B15_103,76,103,2,64,68,71,74,75,77,75,85,84,86,74,66,72,85,85,70,86,95
B,B17_103,77,103,2,30,0,83,60,60,41,0,60,81,86,67,60,54,61,81,60,71,85
C,C12_103,78,103,2,45,64,50,64,65,65,60,60,83,81,75,76,85,78,85,60,87,88
B,B17_103,79,103,2,60,40,60,54,57,49,0,61,76,81,67,62,63,62,83,61,83,85
A,A13_103,80,103,2,50,63,64,65,65,65,60,76,85,88,63,64,52,63,86,71,82,85
A,A13_103,81,103,2,88,82,90,91,78,82,86,85,96,90,72,79,71,70,88,85,70,90
A,A13_103,82,103,2,82,73,72,82,63,77,78,74,92,89,85,85,73,72,85,92,76,85
A,A12_103,83,103,2,75,65,77,69,80,69,65,62,84,85,81,60,60,66,90,66,75,83
B,B11_103,84,103,2,64,60,79,69,73,65,60,64,83,87,72,60,77,72,79,80,82,99
A,A14_103,85,103,2,35,0,70,0,66,49,41,20,83,76,63,60,60,73,80,54,74,80
A,A8_103,86,103,2,62,60,63,53,71,63,43,60,82,84,62,60,60,72,83,48,71,81
B,B16_103,87,103,2,85,91,75,76,87,77,81,83,82,89,73,73,60,67,83,76,84,95
B,B12_103,88,103,2,68,69,58,67,65,67,64,66,83,86,70,78,66,73,83,75,76,93
B,B14_103,89,103,2,45,40,65,68,60,57,60,60,83,70,54,61,17,35,83,42,61,85
B,B10_103,90,103,2,60,60,67,53,67,55,43,60,80,81,62,65,60,72,76,60,61,99
A,A12_103,91,103,2,62,63,77,58,63,59,60,60,76,70,70,64,67,67,84,54,71,83
A,A11_103,92,103,2,66,67,72,60,67,57,60,60,83,87,60,81,65,65,84,47,71,80
C,C10_103,93,103,2,69,66,75,51,75,69,60,60,88,82,60,60,60,62,83,60,75,90
B,B9_103,94,103,2,61,0,63,60,74,58,60,74,85,84,60,76,60,65,85,60,72,85
A,A11_103,95,103,2,67,65,65,62,68,64,63,60,91,89,74,60,71,70,86,65,76,80
C,C12_103,96,103,2,62,75,60,51,62,55,60,60,83,85,62,71,86,72,83,75,80,88
A,A8_103,97,103,2,64,62,70,71,69,72,68,68,83,87,90,80,89,84,87,76,83,81
C,C17_103,98,103,3,71,60,82,88,60,60,82,78,79,80,82,68,41,93,80,74,80,87
A,A16_103,99,103,3,72,75,94,87,60,67,71,69,95,93,65,72,60,93,76,84,87,92
C,C16_103,100,103,3,60,60,78,94,60,63,68,69,80,81,92,60,60,69,86,84,85,80
B,B25_103,101,103,3,86,60,85,53,60,52,71,74,80,80,66,66,75,87,72,90,88,93
C,C18_103,102,103,3,60,26,65,70,60,60,60,69,80,81,64,80,40,85,80,70,78,84
A,A20_103,103,103,3,79,88,87,95,80,86,90,95,94,94,82,75,82,94,88,95,94,90
B,B24_103,104,103,3,61,26,60,54,60,64,64,84,84,90,72,70,60,89,78,72,79,90
A,A24_103,105,103,3,60,74,64,74,77,71,74,71,93,86,60,52,88,93,82,83,85,90
C,C17_103,106,103,3,60,60,72,61,61,60,75,78,85,83,65,75,68,86,76,72,82,89
B,B25_103,107,103,3,60,60,69,74,73,60,68,93,82,85,60,66,60,91,86,81,86,94
A,A18_103,108,103,3,60,60,69,76,60,60,70,60,86,80,71,61,40,87,75,66,78,85
A,A19_103,109,103,3,92,99,99,99,91,93,95,93,93,86,83,84,60,94,88,95,88,93
A,A17_103,110,103,3,70,60,87,72,60,53,66,66,80,81,72,66,60,89,80,71,76,87
A,A23_103,111,103,3,60,62,82,88,60,60,79,66,94,92,65,54,60,90,76,70,77,88
A,A23_103,112,103,3,35,63,69,60,60,60,61,60,80,80,90,77,60,88,82,71,78,89
A,A19_103,113,103,3,83,80,90,95,81,87,78,90,90,94,69,76,91,93,80,95,94,90
B,B24_103,114,103,3,75,89,75,93,69,61,78,61,79,78,75,78,60,93,76,87,89,90
C,C14_103,115,103,3,60,69,72,78,77,78,84,75,80,82,50,70,40,77,86,68,77,95
C,C13_103,116,103,3,60,60,68,74,60,60,76,71,80,80,65,64,40,75,65,66,77,85
C,C19_103,117,103,3,81,17,76,83,60,81,46,64,91,82,76,70,40,89,80,85,87,95
C,C16_103,118,103,3,60,60,84,36,72,60,73,82,80,80,69,66,41,84,80,72,77,80
A,A22_103,119,103,3,60,60,72,67,65,46,69,74,80,81,71,70,40,78,80,61,71,95
A,A26_103,120,103,3,68,81,91,90,73,72,76,95,82,85,68,86,60,94,83,88,89,95
C,C18_103,121,103,3,20,11,20,10,32,0,32,28,76,72,60,39,40,51,60,53,76,79
C,C18_103,122,103,3,60,25,60,46,62,53,50,79,91,82,63,60,40,65,86,65,76,84
A,A22_103,123,103,3,60,60,80,73,60,39,68,60,82,78,78,78,42,90,82,69,78,94
C,C19_103,124,103,3,60,27,80,62,60,60,62,73,80,78,72,72,60,82,83,64,76,95
A,A17_103,125,103,3,60,37,83,70,34,41,62,67,83,74,65,72,42,85,83,69,76,87
A,A22_103,126,103,3,60,60,60,48,44,0,46,46,80,80,60,42,41,77,68,80,85,95
A,A25_103,127,103,3,60,60,25,30,60,62,60,47,80,80,60,61,40,83,79,62,78,76
A,A24_103,128,103,3,83,85,91,94,68,79,75,78,80,81,60,73,62,93,77,81,87,90
B,B21_103,129,103,3,60,60,72,73,60,60,60,49,77,76,61,71,40,75,63,72,79,85
B,B21_103,130,103,3,26,21,77,60,60,60,60,80,79,74,50,62,40,79,79,64,75,85
A,A25_103,131,103,3,74,81,90,76,60,60,60,84,80,80,76,76,60,77,65,82,84,76
C,C18_103,132,103,3,60,60,70,66,39,41,65,77,78,76,60,60,60,79,80,66,76,84
A,A25_103,133,103,3,60,60,74,76,60,73,60,66,80,82,52,60,60,93,87,83,88,76
A,A21_103,134,103,3,62,60,88,65,60,68,70,86,86,82,71,60,69,88,82,92,93,95
B,B22_103,135,103,3,60,60,71,79,60,76,62,90,82,88,69,67,40,85,80,71,81,78
C,C14_103,136,103,3,60,27,86,53,64,67,60,76,80,78,78,77,40,88,83,74,82,95
C,C15_103,137,103,3,64,60,86,76,60,70,76,82,80,80,60,60,40,88,83,63,75,90
A,A20_103,138,103,3,72,71,76,78,66,72,60,66,90,94,60,73,60,93,73,81,81,90
C,C20_103,139,103,3,39,27,64,61,32,37,41,67,78,76,70,48,40,92,70,65,74,95
C,C15_103,140,103,3,70,75,83,92,71,61,48,60,84,90,76,73,60,94,86,85,87,89
A,A24_103,141,103,3,79,77,92,76,79,65,60,0,85,79,76,67,65,87,83,68,77,90
A,A18_103,142,103,3,60,60,77,66,67,49,74,60,80,81,68,72,42,93,82,79,81,85
C,C16_103,143,103,3,60,60,67,60,63,39,66,60,80,80,60,66,40,70,88,66,75,80
C,C13_103,144,103,3,60,60,60,77,60,65,82,75,80,80,63,66,42,79,65,55,76,85
C,C16_103,145,103,3,60,60,68,62,68,43,61,78,78,78,60,71,40,82,80,78,81,80
B,B23_104,146,103,3,60,63,41,75,60,69,47,60,83,88,60,63,60,88,80,86,90,96
C,C3_104,147,104,1,76,76,75,94,86,92,82,95,87,85,76,77,74,73,82,85,94,89
B,B5_104,148,104,1,60,40,70,64,44,60,67,82,87,85,68,62,70,39,82,73,80,93
A,A12_104,149,104,1,69,69,81,75,62,67,74,75,85,81,68,83,63,60,82,79,60,78
B,B2_104,150,104,1,61,66,78,85,60,66,88,90,89,87,52,65,41,69,86,81,90,86
C,C2_104,151,104,1,63,61,74,86,63,60,77,86,85,95,49,62,65,60,87,73,75,87
A,A2_104,152,104,1,67,66,60,60,88,64,60,67,80,83,62,68,69,72,84,81,92,92
C,C5_104,153,104,1,87,83,78,93,70,68,88,86,82,81,60,62,65,60,87,70,71,89
A,A11_104,154,104,1,69,69,60,94,66,60,88,86,80,81,73,69,77,64,85,74,63,85
C,C2_104,155,104,1,64,66,42,52,39,60,78,79,94,88,65,65,60,60,82,74,78,87
A,A13_104,156,104,1,60,60,60,63,44,39,69,67,83,81,76,65,80,60,79,69,62,84
A,A2_104,157,104,1,66,74,71,90,94,77,86,93,96,92,64,85,85,79,87,86,99,91
C,C3_104,158,104,1,72,79,93,93,80,83,77,92,83,86,80,89,78,84,83,87,86,93
C,C1_104,159,104,1,76,74,86,84,66,64,81,64,83,86,76,88,72,60,83,65,67,90
C,C2_104,160,104,1,61,61,42,65,60,41,60,87,94,88,60,66,67,60,82,70,67,89
C,C4_104,161,104,1,65,66,78,78,68,72,78,83,80,80,73,72,63,68,90,73,77,86
A,A12_104,162,104,1,63,64,76,85,91,66,82,93,85,81,65,84,70,69,83,85,96,78
C,C5_104,163,104,1,65,62,82,55,60,60,74,67,82,80,66,68,65,60,79,70,43,89
C,C3_104,164,104,1,73,75,77,93,79,85,83,90,93,87,86,74,77,67,83,84,98,93
C,C4_104,165,104,1,60,61,42,69,70,62,71,77,80,81,60,56,60,73,85,83,47,86
A,A7_104,166,104,1,60,20,60,50,62,67,61,63,80,79,51,48,60,47,85,65,70,88
C,C1_104,167,104,1,69,69,49,72,61,61,72,88,86,88,75,69,70,75,80,72,81,91
A,A3_104,168,104,1,67,70,47,71,66,68,89,94,86,88,64,77,60,79,80,82,87,85
C,C3_104,169,104,1,60,61,60,94,78,74,88,90,80,79,66,65,69,68,82,75,85,89
B,B3_104,170,104,1,61,64,84,94,92,76,73,91,89,90,81,100,72,63,84,75,84,88
A,A8_104,171,104,1,64,65,60,94,60,60,79,88,91,85,85,84,72,74,91,87,86,91
B,B1_104,172,104,1,64,50,60,64,75,78,73,73,80,81,63,80,66,63,85,64,66,84
A,A10_104,173,104,1,60,60,60,80,65,60,41,88,93,87,64,76,47,62,83,75,82,75
A,A1_104,174,104,1,61,64,37,65,37,60,70,86,96,92,64,66,65,75,87,79,76,91
A,A4_104,175,104,1,40,20,45,61,41,60,80,84,83,82,62,53,68,49,91,82,66,87
A,A6_104,176,104,1,40,60,35,62,39,45,69,84,81,86,62,62,67,61,87,80,90,89
A,A13_104,177,104,1,0,0,0,62,30,38,70,78,77,81,48,62,52,60,78,69,62,81
B,B4_104,178,104,1,83,79,60,94,72,60,65,88,85,95,76,74,82,71,84,80,99,88
A,A4_104,179,104,1,71,68,60,62,34,37,60,72,91,85,73,65,76,65,91,65,69,87
C,C2_104,180,104,1,50,68,43,50,37,41,49,75,81,82,62,65,69,69,87,76,66,87
A,A1_104,181,104,1,76,70,80,86,73,98,94,89,81,86,76,74,68,82,87,82,96,91
B,B1_104,182,104,1,76,67,60,72,67,64,80,70,80,79,74,77,52,64,85,69,63,83
A,A7_104,183,104,1,60,60,73,52,61,63,76,80,80,80,60,50,48,60,85,71,51,88
C,C2_104,184,104,1,66,65,40,62,32,43,77,83,84,82,65,56,60,61,81,75,75,87
A,A5_104,185,104,1,20,0,38,55,60,36,62,74,77,66,24,8,62,60,83,71,70,77
A,A6_104,186,104,1,64,62,60,75,83,70,71,84,82,81,70,77,67,66,87,72,72,89
A,A9_104,187,104,1,63,40,60,66,70,41,75,71,87,90,63,82,60,30,84,71,67,76
A,A12_104,188,104,1,60,64,46,52,61,36,48,28,70,78,64,63,65,60,81,78,40,77
A,A12_104,189,104,1,62,61,44,70,62,60,68,72,78,81,38,63,60,40,86,78,64,77
C,C1_104,190,104,1,40,10,35,50,32,36,63,79,76,81,45,64,60,60,82,76,72,92
A,A13_104,191,104,1,40,45,35,74,32,60,66,81,83,81,60,70,60,60,80,73,76,84
C,C1_104,192,104,1,40,0,40,55,0,60,67,85,79,78,69,64,71,66,86,70,77,92
A,A3_104,193,104,1,63,66,60,52,38,43,63,78,81,82,68,80,63,51,87,78,83,85
A,A7_104,194,104,1,65,62,49,81,60,60,60,82,80,83,60,52,48,60,87,79,60,89
C,C3_104,195,104,1,60,60,43,69,87,60,49,81,80,79,60,65,60,61,82,79,72,89
A,A11_104,196,104,1,60,25,60,65,60,46,74,72,78,78,53,55,69,60,82,81,72,84
A,A14_104,197,104,1,64,78,60,90,60,79,82,90,89,87,76,85,69,71,86,86,90,90
C,C7_104,198,104,2,71,65,76,75,61,62,82,71,82,86,78,72,67,65,84,60,84,87
A,A15_104,199,104,2,72,83,77,85,77,82,85,87,95,90,80,68,71,64,86,78,84,90
C,C7_104,200,104,2,60,67,61,59,66,48,54,70,86,85,65,60,71,65,82,60,81,87
A,A16_104,201,104,2,66,60,75,69,67,68,84,72,85,93,66,85,79,69,85,77,86,89
B,B7_104,202,104,2,45,60,28,57,68,60,70,78,85,86,51,64,43,9,90,60,81,78
C,C8_104,203,104,2,65,66,78,67,54,58,72,80,85,92,72,73,80,77,79,68,81,87
A,A15_104,204,104,2,74,64,73,86,84,78,97,97,90,96,75,80,65,74,86,86,81,90
B,B7_104,205,104,2,60,35,47,49,42,35,36,70,68,82,33,60,83,60,74,42,72,82
A,A16_104,206,104,2,61,45,74,66,68,65,85,80,84,92,73,74,67,60,81,64,82,88
C,C7_104,207,104,2,62,35,60,60,62,62,53,80,81,82,62,33,74,60,84,60,79,85
B,B8_104,208,104,2,66,65,71,69,58,71,82,75,82,77,52,61,54,62,70,22,62,82
B,B7_104,209,104,2,60,35,62,54,17,0,70,70,68,80,47,63,60,52,70,65,74,81
B,B9_104,210,104,2,64,70,69,74,60,65,78,70,80,91,54,75,75,70,81,75,88,87
C,C9_104,211,104,2,63,35,68,60,57,51,70,43,75,75,75,66,63,48,74,75,94,94
A,A17_104,212,104,2,61,35,54,58,56,44,51,76,72,83,61,60,91,73,82,60,72,79
A,A18_104,213,104,2,73,69,82,70,63,74,89,89,83,87,75,89,62,77,84,90,81,88
B,B8_104,214,104,2,63,62,70,70,65,62,77,80,88,88,66,73,60,71,82,89,82,84
C,C8_104,215,104,2,66,64,69,59,54,57,84,70,81,93,86,81,72,68,83,69,76,88
B,B7_104,216,104,2,62,61,70,57,35,41,54,46,74,86,50,60,70,60,72,44,72,82
B,B9_104,217,104,2,35,67,51,54,56,45,30,70,77,68,22,60,82,60,78,51,76,84
C,C10_104,218,104,2,60,64,60,55,62,50,75,75,85,87,45,47,63,72,78,64,76,88
B,B10_104,219,104,2,69,64,57,74,73,68,72,83,82,89,54,60,53,67,90,65,73,85
C,C11_104,220,104,2,61,60,70,64,43,41,70,47,66,68,46,60,71,47,66,23,67,76
B,B9_104,221,104,2,74,70,79,78,70,68,88,81,90,90,85,89,80,77,86,76,83,84
A,A17_104,222,104,2,50,60,54,58,61,55,72,75,79,83,54,60,31,60,74,69,73,83
C,C7_104,223,104,2,60,62,70,79,72,65,80,82,82,85,66,66,80,66,88,65,87,88
B,B10_104,224,104,2,35,10,68,61,67,58,70,80,78,87,51,71,49,64,87,79,76,85
A,A19_104,225,104,2,35,10,49,62,60,65,75,77,85,96,72,66,46,62,80,74,91,90
C,C10_104,226,104,2,82,76,79,49,55,65,70,90,83,92,77,82,74,69,85,54,70,88
B,B8_104,227,104,2,64,65,53,68,66,61,74,80,82,89,60,60,51,63,81,62,73,84
A,A15_104,228,104,2,68,63,67,67,64,64,87,86,88,92,78,60,52,77,81,88,86,89
B,B9_104,229,104,2,66,67,75,70,70,77,78,90,83,90,60,65,69,85,79,83,87,84
C,C8_104,230,104,2,68,62,63,60,57,54,73,86,80,87,60,72,51,66,85,65,82,85
B,B11_104,231,104,2,67,66,75,64,57,66,70,55,66,65,68,60,62,60,81,49,64,85
A,A18_104,232,104,2,68,62,54,60,66,74,78,84,82,87,60,78,45,64,81,64,82,88
A,A19_104,233,104,2,86,79,92,77,78,86,83,70,87,89,99,91,88,83,86,99,98,90
A,A19_104,234,104,2,79,75,89,80,81,83,88,71,93,93,78,81,87,85,80,86,88,88
A,A15_104,235,104,2,76,71,89,81,86,71,89,94,84,92,87,74,53,69,80,75,93,85
C,C7_104,236,104,2,63,65,73,71,64,66,87,80,86,89,76,67,60,64,81,80,86,84
A,A19_104,237,104,2,71,66,90,74,88,82,88,95,91,96,84,88,71,82,86,89,84,92
B,B10_104,238,104,2,63,67,63,59,62,67,70,72,89,85,68,73,75,60,89,73,84,86
B,B12_104,239,104,2,60,35,44,0,51,57,70,80,82,86,62,60,27,5,70,60,75,85
C,C10_104,240,104,2,69,65,78,71,74,65,80,75,91,90,74,63,80,75,80,96,86,88
A,A18_104,241,104,2,64,60,68,64,81,76,78,73,80,85,66,60,68,72,82,74,78,88
C,C8_104,242,104,2,45,15,46,0,0,33,70,42,60,81,47,60,79,60,70,41,79,85
A,A23_104,243,104,3,60,60,76,68,84,60,70,47,83,54,70,70,47,68,60,60,69,80
B,B23_104,244,104,3,80,68,93,84,89,72,70,80,89,83,70,85,60,94,60,77,79,85
A,A23_104,245,104,3,77,92,86,97,84,78,75,60,87,68,60,63,52,81,62,76,77,80
B,B14_104,246,104,3,81,94,92,69,83,87,75,74,90,89,72,60,80,91,80,100,96,87
A,A20_104,247,104,3,70,60,79,54,60,68,66,71,86,89,76,54,60,90,75,75,84,85
B,B24_104,248,104,3,71,85,82,84,78,89,80,82,85,85,66,76,0,94,80,93,91,86
B,B24_104,249,104,3,60,60,70,60,88,80,71,60,72,81,70,66,60,90,80,86,87,86
B,B15_104,250,104,3,60,60,78,66,60,76,83,68,69,66,61,72,60,62,70,71,82,80
B,B14_104,251,104,3,73,71,93,84,67,69,74,73,89,84,81,86,51,94,90,76,83,87
B,B13_104,252,104,3,0,20,42,60,51,36,57,13,71,66,48,33,50,32,60,60,74,65
C,C14_104,253,104,3,69,60,66,60,52,69,49,70,94,76,60,81,0,83,80,89,86,90
B,B24_104,254,104,3,72,82,81,86,75,87,77,82,90,85,82,75,0,94,80,72,80,86
B,B22_104,255,104,3,84,71,91,80,75,80,75,60,85,77,77,83,60,90,75,68,75,85
B,B20_104,256,104,3,39,60,66,65,90,61,64,38,66,53,64,60,47,65,45,62,70,85
A,A21_104,257,104,3,75,84,99,90,80,84,82,88,94,82,88,71,60,94,80,95,91,84
B,B18_104,258,104,3,72,88,84,89,66,68,84,73,86,87,73,72,47,86,72,78,83,85
B,B24_104,259,104,3,69,83,88,80,82,78,78,71,88,81,76,73,60,94,60,82,85,86
B,B17_104,260,104,3,82,77,80,82,71,80,81,65,86,73,50,55,0,94,60,66,78,85
C,C13_104,261,104,3,66,81,68,79,79,66,71,61,70,79,73,76,60,93,65,67,77,94
B,B16_104,262,104,3,60,60,78,87,78,73,73,80,91,84,60,60,60,90,62,61,70,92
C,C13_104,263,104,3,60,31,48,35,66,35,70,56,82,74,67,67,85,77,60,71,79,93
A,A21_104,264,104,3,77,60,74,77,92,83,87,97,89,82,88,74,60,89,77,99,95,84
A,A24_104,265,104,3,60,35,60,72,72,60,72,65,85,83,60,65,53,73,70,40,68,88
B,B18_104,266,104,3,76,69,89,97,80,83,85,70,88,83,94,81,0,94,62,67,78,85
B,B22_104,267,104,3,63,64,64,51,77,84,70,67,89,80,78,70,53,89,90,63,75,85
B,B19_104,268,104,3,67,37,79,67,63,60,76,63,83,83,60,53,53,69,75,50,74,85
B,B21_104,269,104,3,60,60,87,55,60,73,74,55,85,80,53,48,0,79,60,57,72,85
B,B18_104,270,104,3,23,0,43,60,60,73,65,64,89,84,60,60,0,93,80,78,83,85
C,C14_104,271,104,3,69,31,63,33,60,60,65,54,88,80,60,63,0,72,65,63,73,90
A,A24_104,272,104,3,75,62,88,95,86,85,83,72,90,84,90,84,64,94,90,78,83,88
B,B22_104,273,104,3,74,70,38,64,80,88,66,64,90,80,77,64,48,90,60,67,71,85
B,B17_104,274,104,3,17,12,0,0,50,60,32,52,91,81,60,0,0,94,75,64,77,85
B,B23_104,275,104,3,79,79,85,73,89,72,86,82,85,80,88,69,62,85,80,73,77,85
A,A20_104,276,104,3,86,100,92,90,86,87,70,92,91,90,82,74,64,94,80,86,87,85
B,B20_104,277,104,3,71,75,66,60,82,60,67,45,78,56,67,65,47,75,60,69,73,85
B,B13_104,278,104,3,60,60,41,44,81,60,60,39,80,63,67,68,0,67,65,62,70,60
A,A21_104,279,104,3,60,40,63,61,62,79,69,75,90,83,75,55,0,78,67,68,79,84
B,B17_104,280,104,3,80,77,75,80,76,78,67,73,91,74,78,84,61,94,77,62,68,85
B,B15_104,281,104,3,37,60,36,60,46,33,55,33,80,69,72,50,60,67,65,56,74,80
B,B13_104,282,104,3,63,60,77,63,49,60,56,62,88,79,66,70,70,86,65,78,83,65
B,B14_104,283,104,3,36,42,55,60,51,66,51,37,85,85,63,80,60,89,80,66,70,87
B,B15_104,284,104,3,83,73,83,72,70,69,80,80,85,80,73,75,61,89,62,83,87,80
A,A23_104,285,104,3,83,93,84,97,94,89,96,82,89,81,76,75,65,90,80,91,85,80
B,B21_104,286,104,3,37,60,60,63,68,82,66,81,89,84,66,54,60,91,67,64,71,85
B,B16_104,287,104,3,62,63,67,73,72,75,73,87,81,82,60,66,53,82,65,72,75,90
A,A21_104,288,104,3,87,86,91,94,93,88,72,90,92,84,82,82,0,90,90,73,81,84
A,A20_104,289,104,3,13,0,0,0,37,27,39,24,70,83,60,0,53,24,60,50,68,85
